{"cameraMode":{"drawMode":0,"name":"Shaded","section":"Shading Mode"},"sceneLighting":true,"audioPlay":false,"sceneViewState":{"showFog":true,"showMaterialUpdate":false,"showSkybox":true,"showFlares":true,"showImageEffects":true,"showParticleSystems":true},"in2DMode":false,"pivot":{"x":152.07461547851563,"y":4.9448347091674809,"z":103.07247161865235},"rotation":{"x":0.8030432462692261,"y":0.0026815461460500957,"z":-0.003613788401708007,"w":0.5959038138389587},"size":286.4136047363281,"orthographic":true}