{"cameraMode":{"drawMode":0,"name":"Shaded","section":"Shading Mode"},"sceneLighting":true,"audioPlay":false,"sceneViewState":{"showFog":true,"showMaterialUpdate":false,"showSkybox":true,"showFlares":true,"showImageEffects":true,"showParticleSystems":true},"in2DMode":false,"pivot":{"x":126.4097900390625,"y":-70.78125,"z":92.8984375},"rotation":{"x":0.8030432462692261,"y":0.0026815461460500957,"z":-0.003613788401708007,"w":0.5959038138389587},"size":212.37242126464845,"orthographic":true}